Name,Contact details,Division,Day,Time
xcvb,45678,Cardiologist,17-05-2022,10.00 - 11.00
xcvb,45678,Cardiologist,17-05-2022,10.00 - 11.00
xcvb,45678,Cardiologist,17-05-2022,10.00 - 11.00
xcvb,45678,Cardiologist,17-05-2022,10.00 - 11.00
xcvb,45678,Cardiologist,17-05-2022,10.00 - 11.00
xcvb,45678,Cardiologist,17-05-2022,10.00 - 11.00
xcvb,45678,Cardiologist,17-05-2022,12.00 - 13.00
xcvb,45678,Cardiologist,17-05-2022,12.00 - 13.00
asdfrt,566776567,Cardiologist,17-05-2022, 12.00 - 13.00
SGSG,FD,Cardiologist,31-05-2022, 16.00 - 17.00
GGGGGGGGGGG,HHHHHHHHHH,Cardiologist,03-06-2022, 17.00 - 18.00 
werqqwweer,23123123,Cardiologist,25-05-2022,10.00 - 11.00
rutuja,9112620906,Cardiologist,25-05-2022,11.00 - 12.00
mayur,89756456730,Cardiologist,25-05-2022,12.00 - 13.00
shoeb,7020234567,Cardiologist,25-05-2022, 16.00 - 17.00
apoorva,8100046578,Cardiologist,25-05-2022,13.00 - 14.00
supriya,6589903890,Cardiologist,25-05-2022,14.00 - 15.00
pranav,34567890,Cardiologist,25-05-2022,15.00 - 16.00
ertyui,345678,Cardiologist,25-05-2022,17.00 - 18.00
flipkart,342167890,Cardiologist,19-05-2022,10.00 - 11.00
Hrishikesh,876543986755,Cardiologist,21-05-2022, 11.00 - 12.00
gfrtyuji,,Cardiologist,21-05-2022,Book Your Appointment
rrtyuuiio,67897636678,Cardiologist,21-05-2022, 16.00 - 17.00
